Employee ID,Employee Name,Location,Department,Total Relevant Work Experience,Current Assigned Project,Last Assigned Project,Key Skills and Technologies
101,John Smith,New York,IT,5,Project X,Project Y,"Java, Python, SQL"
102,Alice Johnson,San Francisco,Marketing,7,Marketing Campaign A,Marketing Campaign B,"Social Media Marketing, Market Research, SEO"
103,David Lee,Los Angeles,Finance,8,Financial Analysis Project,Investment Strategy Project,"Financial Modeling, Risk Management, Excel"
104,Emily Wang,Chicago,Engineering,6,Product Development,Quality Assurance,"Product Design, CAD/CAM, Mechanical Engineering"
105,Sarah Brown,Houston,Human Resources,4,Employee Training Program,Recruitment Drive,"HR Policies, Talent Management, Conflict Resolution"
106,Mike Davis,Boston,Sales,9,Sales Expansion Initiative,Client Relationship Management,"Strategic Planning, Negotiation, CRM"
107,Lisa Miller,Miami,Customer Support,3,Customer Feedback Analysis,Service Improvement Project,"Problem Solving, Communication Skills, CRM Software"
108,Kevin Wilson,Seattle,Research & Development,5,Innovation Project,Product Enhancement Initiative,"Research Methodology, Prototyping, Data Analysis"
109,Emma Garcia,Dallas,Operations,6,Process Optimization,Supply Chain Management,"Project Management, Lean Six Sigma, ERP Systems"
110,Ryan Martinez,Atlanta,Legal,7,Contract Negotiation,Legal Compliance Audit,"Legal Research, Contract Drafting, Intellectual Property Law"
111,Olivia Moore,New York,IT,6,Database Migration Project,IT Infrastructure Upgrade,"Database Management, SQL, NoSQL, Database Administration"
112,James Taylor,San Francisco,Marketing,8,Brand Promotion Campaign,Market Segmentation Analysis,"Brand Management, Marketing Analytics, Content Strategy"
113,Sophia White,Los Angeles,Finance,9,Financial Planning & Analysis,Merger & Acquisition Deal,"Financial Reporting, Forecasting, Investment Banking"
114,Ethan Hall,Chicago,Engineering,7,New Product Design,Manufacturing Process Optimization,"3D Modeling, CAD/CAM, Finite Element Analysis"
115,Chloe Martinez,Houston,Human Resources,5,Employee Engagement Initiative,Performance Management System,"Employee Relations, HR Metrics, Training & Development"
116,Nathan Rodriguez,Boston,Sales,10,Key Account Management,Sales Training Program,"Account Planning, Relationship Building, Sales Forecasting"
117,Isabella Hernandez,Miami,Customer Support,4,Service Quality Improvement,Technical Support Enhancement,"Problem Resolution, CRM, Help Desk Software"
118,Mason Gonzalez,Seattle,Research & Development,6,Product Innovation Project,Technology Research Study,"Innovation Strategy, Research Methodology, Prototyping"
119,Ava Perez,Dallas,Operations,7,Supply Chain Optimization,Inventory Management System Implementation,"Operations Planning, Lean Manufacturing, Process Improvement"
120,Ella Sanchez,Atlanta,Legal,8,Legal Compliance Review,Contract Management System Implementation,"Legal Risk Assessment, Regulatory Compliance, Contract Negotiation"
121,Liam Scott,New York,IT,7,Software Development Project,IT System Upgrade,"Software Engineering, Java, Python, Web Development"
122,Charlotte King,San Francisco,Marketing,9,Digital Marketing Campaign,Brand Identity Redesign,"Content Marketing, SEO, Social Media Management"
123,Amelia Green,Los Angeles,Finance,10,Corporate Finance Strategy,Financial Risk Management,"Corporate Valuation, Financial Modeling, Investment Analysis"
124,Daniel Adams,Chicago,Engineering,8,Process Automation Project,Quality Control Enhancement,"Automation Engineering, PLC Programming, Industrial Robotics"
125,Mia Baker,Houston,Human Resources,6,Employee Wellness Program,Recruitment Strategy Overhaul,"Workforce Planning, Employee Engagement, HR Analytics"
126,Owen Nelson,Boston,Sales,11,Market Expansion Initiative,Channel Partner Program,"Market Penetration Strategy, Sales Management, Negotiation, CRM"
127,Harper Carter,Miami,Customer Support,5,Customer Satisfaction Survey,Service Response Time Improvement,"Complaint Resolution, CRM, Ticketing System"
128,Elizabeth Perez,Seattle,Research & Development,7,New Product Development,Innovation Research Project,"Technology Roadmapping, Research Methodology, Product Design"
129,Noah Evans,Dallas,Operations,8,Logistics Optimization,Supply Chain Integration Project,"Operations Management, Lean Manufacturing, Six Sigma"
130,Leo Rivera,Atlanta,Legal,9,Intellectual Property Protection,Contract Review & Negotiation,"Legal Compliance Audit, Intellectual Property Law, Contract Drafting"
131,Grace Long,New York,IT,8,Cloud Migration Project,IT Security Enhancement,"Cloud Computing, Cybersecurity, Network Administration"
132,Michael Ward,San Francisco,Marketing,10,Product Launch Campaign,Market Research Study,"Product Positioning, Marketing Strategy, Digital Advertising"
133,Sofia Torres,Los Angeles,Finance,11,Financial Performance Analysis,Strategic Investment Portfolio Management,"Financial Forecasting, Financial Modeling, Risk Assessment"
134,Aiden Russell,Chicago,Engineering,9,Advanced Manufacturing Technology Implementation,Product Redesign Project,"Advanced Engineering Design, CAD/CAM, Simulation Analysis"
135,Victoria Ramirez,Houston,Human Resources,7,Diversity & Inclusion Initiative,Employee Recognition Program,"Performance Appraisal System, Talent Acquisition, HR Metrics"
136,Lucas Hughes,Boston,Sales,12,Sales Training & Development Program,Strategic Account Management,"Market Analysis, Sales Forecasting, CRM"
137,Madison Flores,Miami,Customer Support,6,Service Quality Assessment,Support Ticket Management System Implementation,"Service Level Agreement (SLA) Review, CRM, Help Desk Software"
138,William Cruz,Seattle,Research & Development,8,Research Collaboration Project,Innovation Workshop,"Research Publication, Research Methodology, Prototyping"
139,Julian Perry,Dallas,Operations,9,Supply Chain Visibility Project,Operations Automation Initiative,"Supply Chain Planning, Lean Manufacturing, Process Optimization"
140,Evelyn Howard,Atlanta,Legal,10,Contract Management System Upgrade,Legal Compliance Training Program,"Legal Due Diligence, Contract Drafting, Regulatory Compliance"
141,Avery Kim,New York,IT,9,Enterprise Resource Planning (ERP) Implementation,IT Infrastructure Security Audit,"ERP Systems, Database Management, Information Security"
142,Riley Bailey,San Francisco,Marketing,11,Content Marketing Strategy,Brand Positioning Exercise,"Marketing Campaign Analytics, SEO, Social Media Management"
143,Julia Nguyen,Los Angeles,Finance,12,Financial Risk Mitigation Strategy,Investment Portfolio Diversification,"Financial Planning & Analysis, Risk Management, Financial Modeling"
144,Evan Rogers,Chicago,Engineering,10,New Technology Integration Project,Product Lifecycle Management (PLM) Implementation,"Advanced Materials Research, CAD/CAM, Finite Element Analysis"
145,Lily Gonzales,Houston,Human Resources,8,Leadership Development Program,Employee Onboarding Process Redesign,"Succession Planning, HR Metrics, Training & Development"
146,Jacob Carter,Boston,Sales,13,Strategic Sales Planning,Client Relationship Enhancement Program,"Market Segmentation Analysis, Sales Management, Negotiation, CRM"
147,Samantha Patel,Miami,Customer Support,7,Service Improvement Initiative,Knowledge Management System Implementation,"Service Quality Monitoring, CRM, Ticketing System"
148,Dylan Reed,Seattle,Research & Development,9,Innovation Incubator Project,Innovation Workshop,"Research Publication, Research Methodology, Prototyping"
149,Aria Morgan,Dallas,Operations,10,Supply Chain Optimization,Process Automation Initiative,"Operations Planning, Lean Manufacturing, Six Sigma"
150,Carter Bennett,Atlanta,Legal,11,Legal Compliance Review,Contract Negotiation Training Program,"Legal Risk Assessment, Regulatory Compliance, Contract Drafting"
151,Abigail Coleman,New York,IT,10,IT System Upgrade,Network Security Enhancement,"IT Infrastructure Management, Cybersecurity, Cloud Computing"
152,Henry Collins,San Francisco,Marketing,12,Digital Advertising Campaign,Market Segmentation Analysis,"Brand Strategy Development, SEO, Content Marketing"
153,Isaac Price,Los Angeles,Finance,13,Financial Performance Evaluation,Investment Portfolio Optimization,"Financial Reporting & Analysis, Risk Management, Financial Modeling"
154,Ellie Griffin,Chicago,Engineering,11,Advanced Robotics Project,Product Development Initiative,"Engineering Design Optimization, CAD/CAM, Simulation Analysis"
155,Hannah Murphy,Houston,Human Resources,9,Employee Engagement Survey,Performance Management System Enhancement,"Talent Acquisition Strategy, HR Analytics, Training & Development"
156,Oscar Henderson,Boston,Sales,14,Strategic Account Expansion Initiative,Market Penetration Strategy,"Key Account Management, Sales Forecasting, CRM"
157,Aaliyah Diaz,Miami,Customer Support,8,Service Quality Improvement Program,CRM Integration Project,"Complaint Resolution System Enhancement, CRM, Help Desk Software"
158,Levi Hayes,Seattle,Research & Development,10,Product Innovation Project,Technology Research Study,"Innovation Strategy, Research Methodology, Prototyping"
159,Sadie Reynolds,Dallas,Operations,11,Logistics Optimization,Supply Chain Integration Project,"Operations Management, Lean Manufacturing, Six Sigma"
160,Axel Barnes,Atlanta,Legal,12,Contract Management System Upgrade,Legal Compliance Training Program,"Legal Due Diligence, Contract Drafting, Regulatory Compliance"
161,Naomi Griffin,New York,IT,11,Enterprise System Integration,IT Security Audit & Remediation,"Enterprise Architecture, Database Management, Information Security"
162,Kayla Price,San Francisco,Marketing,13,Content Marketing Campaign,Brand Positioning Exercise,"Marketing Analytics, SEO, Social Media Management"
163,Austin Watson,Los Angeles,Finance,14,Corporate Finance Strategy,Investment Risk Management,"Financial Planning & Analysis, Risk Assessment, Financial Modeling"
164,Aurora Murphy,Chicago,Engineering,12,New Product Development,Advanced Manufacturing Technology Implementation,"Engineering Design, CAD/CAM, Finite Element Analysis"
165,Julian Simmons,Houston,Human Resources,10,Employee Wellness Program,Recruitment Strategy Overhaul,"Workforce Planning, Employee Engagement, HR Metrics"
166,Nova Powell,Boston,Sales,15,Sales Training & Development Program,Strategic Account Management,"Market Analysis, Sales Forecasting, CRM"
167,Bella Carter,Miami,Customer Support,9,Service Quality Assessment,Support Ticket Management System Implementation,"Service Level Agreement (SLA) Review, CRM, Ticketing System"
168,Easton Ross,Seattle,Research & Development,11,Research Collaboration Project,Innovation Workshop,"Research Publication, Research Methodology, Prototyping"
169,Elena Griffin,Dallas,Operations,12,Supply Chain Visibility Project,Operations Automation Initiative,"Supply Chain Planning, Lean Manufacturing, Process Optimization"
170,Jaxon Barnes,Atlanta,Legal,13,Intellectual Property Protection,Contract Review & Negotiation,"Legal Compliance Audit, Intellectual Property Law, Contract Drafting"
171,Reagan Hughes,New York,IT,12,Cloud Migration Project,IT Security Enhancement,"Cloud Computing, Cybersecurity, Network Administration"
172,Audrey Ortiz,San Francisco,Marketing,14,Digital Marketing Campaign,Brand Identity Redesign,"Content Marketing, SEO, Social Media Management"
173,Ashton Nguyen,Los Angeles,Finance,15,Financial Risk Mitigation Strategy,Investment Portfolio Diversification,"Financial Planning & Analysis, Risk Management, Financial Modeling"
174,Beckett Patel,Chicago,Engineering,13,Advanced Manufacturing Technology Implementation,Product Redesign Project,"Advanced Engineering Design, CAD/CAM, Simulation Analysis"
175,Elise Gonzalez,Houston,Human Resources,11,Leadership Development Program,Employee Onboarding Process Redesign,"Succession Planning, HR Metrics, Training & Development"
176,Landon Evans,Boston,Sales,16,Market Expansion Initiative,Channel Partner Program,"Market Penetration Strategy, Sales Management, Negotiation, CRM"
177,Lucia Singh,Miami,Customer Support,10,Customer Satisfaction Survey,Service Response Time Improvement,"Complaint Resolution, CRM, Ticketing System"
178,Finley Wilson,Seattle,Research & Development,12,Innovation Incubator Project,Innovation Workshop,"Research Publication, Research Methodology, Prototyping"
179,Lila Murphy,Dallas,Operations,13,Supply Chain Optimization,Process Automation Initiative,"Operations Planning, Lean Manufacturing, Six Sigma"
180,Harrison Rivera,Atlanta,Legal,14,Legal Compliance Review,Contract Negotiation Training Program,"Legal Risk Assessment, Regulatory Compliance, Contract Drafting"
181,Alejandro Morris,New York,IT,13,IT System Upgrade,Network Security Enhancement,"IT Infrastructure Management, Cybersecurity, Cloud Computing"
182,Aria Morgan,San Francisco,Marketing,15,Digital Advertising Campaign,Market Segmentation Analysis,"Brand Strategy Development, SEO, Content Marketing"
183,David Alexander,Los Angeles,Finance,16,Financial Performance Evaluation,Investment Portfolio Optimization,"Financial Reporting & Analysis, Risk Management, Financial Modeling"
184,Julia Nguyen,Chicago,Engineering,14,Advanced Robotics Project,Product Development Initiative,"Engineering Design Optimization, CAD/CAM, Simulation Analysis"
185,Sydney Patel,Houston,Human Resources,12,Employee Engagement Survey,Performance Management System Enhancement,"Talent Acquisition Strategy, HR Analytics, Training & Development"
186,Lincoln Carter,Boston,Sales,17,Strategic Account Expansion Initiative,Market Penetration Strategy,"Key Account Management, Sales Forecasting, CRM"
187,Savannah Gray,Miami,Customer Support,11,Service Quality Improvement Program,CRM Integration Project,"Complaint Resolution System Enhancement, CRM, Help Desk Software"
188,Elias Lopez,Seattle,Research & Development,13,Product Innovation Project,Technology Research Study,"Innovation Strategy, Research Methodology, Prototyping"
189,Nora Ward,Dallas,Operations,14,Logistics Optimization,Supply Chain Integration Project,"Operations Management, Lean Manufacturing, Six Sigma"
190,Eva Fisher,Atlanta,Legal,15,Contract Management System Upgrade,Legal Compliance Training Program,"Legal Due Diligence, Contract Drafting, Regulatory Compliance"
191,Eli Nelson,New York,IT,14,Enterprise System Integration,IT Security Audit & Remediation,"Enterprise Architecture, Database Management, Information Security"
192,Violet Reed,San Francisco,Marketing,16,Content Marketing Campaign,Brand Positioning Exercise,"Marketing Analytics, SEO, Social Media Management"
193,Hudson Ramirez,Los Angeles,Finance,17,Corporate Finance Strategy,Investment Risk Management,"Financial Planning & Analysis, Risk Assessment, Financial Modeling"
194,Leah Cooper,Chicago,Engineering,15,New Product Development,Advanced Manufacturing Technology Implementation,"Engineering Design, CAD/CAM, Finite Element Analysis"
195,Caroline Hill,Houston,Human Resources,13,Employee Wellness Program,Recruitment Strategy Overhaul,"Workforce Planning, Employee Engagement, HR Metrics"
196,Jackson Ross,Boston,Sales,18,Sales Training & Development Program,Strategic Account Management,"Market Analysis, Sales Forecasting, CRM"
197,Lillian Bell,Miami,Customer Support,12,Service Quality Assessment,Support Ticket Management System Implementation,"Service Level Agreement (SLA) Review, CRM, Ticketing System"
198,Grayson Howard,Seattle,Research & Development,14,Research Collaboration Project,Innovation Workshop,"Research Publication, Research Methodology, Prototyping"
199,Autumn Brooks,Dallas,Operations,15,Supply Chain Visibility Project,Operations Automation Initiative,"Supply Chain Planning, Lean Manufacturing, Process Optimization"
200,Ashley Diaz,Atlanta,Legal,16,Intellectual Property Protection,Contract Review & Negotiation,"Legal Compliance Audit, Intellectual Property Law, Contract Drafting"
